{"stats":{"minecraft:picked_up":{"minecraft:birch_log":2,"minecraft:crafting_table":1,"minecraft:feather":6,"minecraft:chicken":4,"minecraft:leather":1,"minecraft:beef":2,"minecraft:porkchop":1,"minecraft:gray_wool":1,"minecraft:mutton":10,"minecraft:dark_oak_log":3,"minecraft:white_wool":5},"minecraft:mined":{"minecraft:birch_log":2,"minecraft:dark_oak_log":3,"minecraft:crafting_table":1},"minecraft:used":{"minecraft:wooden_axe":15,"minecraft:crafting_table":1},"minecraft:killed":{"minecraft:sheep":6,"minecraft:pig":1,"minecraft:chicken":4,"minecraft:cow":1},"minecraft:custom":{"minecraft:time_since_rest":6782,"minecraft:play_time":6782,"minecraft:sprint_one_cm":26224,"minecraft:walk_one_cm":10068,"minecraft:mob_kills":12,"minecraft:jump":90,"minecraft:damage_dealt":840,"minecraft:time_since_death":6782,"minecraft:total_world_time":6782,"minecraft:fall_one_cm":1730,"minecraft:interact_with_crafting_table":1,"minecraft:fly_one_cm":15218},"minecraft:crafted":{"minecraft:dark_oak_planks":12,"minecraft:crafting_table":1,"minecraft:stick":4,"minecraft:wooden_pickaxe":1,"minecraft:wooden_axe":1}},"DataVersion":3465}